t[s],HighestCellTemperature[DegC]
160.977724,25.4
161.077404,25.4
161.177371,25.4
161.277388,25.4
161.377683,25.4
161.477649,25.4
161.577661,25.4
161.677666,25.4
161.77764,25.4
161.877646,25.4
161.977688,25.4
162.077435,25.4
162.177249,25.4
162.277248,25.4
162.377569,25.4
162.477552,25.4
162.577572,25.4
162.677566,25.4
162.777555,25.4
162.877845,25.4
162.977854,25.4
163.07813,25.4
163.177786,25.4
163.278307,25.4
163.37749,25.4
163.477511,25.4
163.5775,25.4
163.677505,25.4
163.777512,25.4
163.877588,25.4
163.977588,25.4
164.078194,25.4
164.178241,25.4
164.278286,25.4
164.377537,25.4
164.477551,25.4
164.577534,25.4
164.677557,25.4
164.777542,25.4
164.877752,25.4
164.977755,25.4
165.078363,25.4
165.178357,25.4
165.278338,25.4
165.377582,25.4
165.477569,25.4
165.577589,25.4
165.677598,25.4
165.777618,25.4
165.877848,25.4
165.977869,25.4
166.077457,25.4
166.177468,25.4
166.277481,25.4
166.377634,25.4
166.47766,25.4
166.577625,25.4
166.677646,25.4
166.777653,25.4
166.877973,25.4
166.977862,25.4
167.078098,25.4
167.17771,25.4
167.277705,25.4
167.377694,25.4
167.477681,25.4
167.577674,25.4
167.677652,25.4
167.777697,25.4
167.8776,25.4
167.977601,25.4
168.078267,25.4
168.177526,25.4
168.278125,25.4
168.377968,25.4
168.477959,25.4
168.57796,25.4
168.677964,25.4
168.777964,25.4
168.878192,25.4
168.97825,25.4
169.078419,25.4
169.178455,25.4
169.278425,25.4
169.37863,25.4
169.478628,25.4
169.578668,25.4
169.678661,25.4
169.778675,25.4
169.878535,25.4
169.978546,25.4
170.078134,25.4
170.178104,25.4
170.278096,25.4
170.378409,25.4
170.478401,25.4
170.578421,25.4
170.678441,25.4
170.778422,25.4
170.877764,25.4
170.977776,25.4
171.078374,25.4
171.178365,25.4
171.278402,25.4
171.378686,25.4
171.478642,25.4
171.578212,25.4
171.67823,25.4
171.778232,25.4
171.87823,25.4
171.978212,25.4
172.078214,25.4
172.178234,25.4
172.278208,25.4
172.377725,25.4
172.477736,25.4
172.57773,25.4
172.677716,25.4
172.777724,25.4
172.877728,25.4
172.977732,25.4
173.078236,25.4
173.178227,25.4
173.278225,25.4
173.378235,25.4
173.478209,25.4
173.57821,25.4
173.678229,25.4
173.778234,25.4
173.878236,25.4
173.977733,25.4
174.077722,25.4
174.177722,25.4
174.277728,25.4
174.37772,25.4
174.477752,25.4
174.578261,25.4
174.678237,25.4
174.778228,25.4
174.878212,25.4
174.978245,25.4
175.078228,25.4
175.178237,25.4
175.278234,25.4
175.378228,25.4
175.47823,25.4
175.578209,25.4
175.678207,25.4
175.778191,25.4
175.877753,25.4
175.977745,25.4
176.077752,25.4
176.177752,25.4
176.278234,25.4
176.378236,25.4
176.478208,25.4
176.578234,25.4
176.678233,25.4
176.778231,25.4
176.878232,25.4
176.978207,25.4
177.078199,25.4
177.178212,25.4
177.278212,25.4
177.378208,25.4
177.478207,25.4
177.578228,25.4
177.678207,25.4
177.778219,25.4
177.878248,25.4
177.978223,25.4
178.078213,25.4
178.178231,25.4
178.278246,25.4
178.37823,25.4
178.47822,25.4
178.578238,25.4
178.678215,25.4
178.778213,25.4
178.878207,25.4
178.978222,25.4
179.078229,25.4
179.178206,25.4
179.2782,25.4
179.378218,25.4
179.478226,25.4
179.578218,25.4
179.678231,25.4
179.778221,25.4
179.878217,25.4
179.978252,25.4
180.078225,25.4
180.17819,25.4
180.278211,25.4
180.378212,25.4
180.478206,25.4
180.578211,25.4
180.678211,25.4
180.778219,25.4
180.878211,25.4
180.978252,25.4
181.078242,25.4
181.178262,25.4
181.278226,25.4
181.378235,25.4
181.478272,25.4
181.578245,25.4
181.678205,25.4
181.778233,25.4
181.87824,25.4
181.978212,25.4
182.078226,25.4
182.178207,25.4
182.278188,25.4
182.378219,25.4
182.478244,25.4
182.578218,25.4
182.678218,25.4
182.778247,25.4
182.878216,25.4
182.97824,25.4
183.078221,25.4
183.178234,25.4
183.278224,25.4
183.378224,25.4
183.47822,25.4
183.578221,25.4
183.678202,25.4
183.778735,25.4
183.878733,25.4
183.978731,25.4
184.078222,25.4
184.178218,25.4
184.278225,25.4
184.378199,25.4
184.478223,25.4
184.578226,25.4
184.678276,25.4
184.778223,25.4
184.878221,25.4
184.978221,25.4
185.078204,25.4
185.178228,25.4
185.278839,25.4
185.378721,25.4
185.478253,25.4
185.579272,25.4
185.679239,25.4
185.779267,25.4
185.878504,25.4
185.978504,25.4
186.079034,25.4
186.179035,25.4
186.279027,25.4
186.378294,25.4
186.478479,25.4
186.578428,25.4
186.678439,25.4
186.778455,25.4
186.878656,25.4
186.979006,25.4
187.079077,25.4
187.178465,25.4
187.278486,25.4
187.378715,25.4
187.478396,25.4
187.578405,25.4
187.678386,25.4
187.778446,25.4
187.878702,25.4
187.978684,25.4
188.079265,25.4
188.178544,25.4
188.278715,25.4
188.378952,25.4
188.479048,25.4
188.579039,25.4
188.679049,25.4
188.77908,25.4
188.878351,25.4
188.978429,25.4
189.078971,25.4
189.178984,25.4
189.279,25.4
189.379317,25.4
189.478864,25.4
189.578879,25.4
189.678876,25.4
189.778897,25.4
189.87908,25.4
189.979116,25.4
190.078728,25.4
190.178727,25.4
190.278742,25.4
190.379078,25.4
190.479204,25.4
190.579224,25.4
190.679236,25.4
190.779242,25.4
190.879142,25.4
190.979183,25.4
191.078745,25.4
191.178776,25.4
191.278786,25.4
191.379021,25.4
191.478827,25.4
191.578828,25.4
191.678816,25.4
191.778853,25.4
191.879014,25.4
191.978716,25.4
192.079021,25.4
192.179512,25.4
192.278576,25.4
192.378808,25.4
192.479323,25.4
192.579382,25.4
192.679372,25.4
192.779323,25.4
192.878534,25.4
192.978522,25.4
193.079168,25.4
193.178488,25.4
193.278519,25.4
193.379282,25.4
193.479249,25.4
193.5793,25.4
193.679261,25.4
193.779278,25.4
193.879456,25.4
193.97946,25.4
194.079076,25.4
194.179106,25.4
194.279092,25.4
194.379327,25.4
194.479369,25.4
194.579342,25.4
194.679336,25.4
194.779358,25.4
194.879492,25.4
194.979547,25.4
195.079164,25.4
195.179138,25.4
195.279144,25.4
195.379736,25.4
195.479716,25.4
195.579768,25.4
195.678735,25.4
195.77874,25.4
195.879026,25.4
195.979033,25.4
196.079178,25.4
196.179183,25.4
196.279186,25.4
196.378956,25.4
196.478924,25.4
196.578926,25.4
196.678935,25.4
196.778925,25.4
196.879294,25.4
196.979733,25.4
197.07941,25.4
197.179388,25.4
197.27937,25.4
197.378716,25.4
197.478696,25.4
197.578723,25.4
197.678707,25.4
197.779718,25.4
197.878808,25.4
197.97878,25.4
198.07944,25.4
198.178819,25.4
198.279814,25.4
198.379061,25.4
198.47907,25.4
198.579086,25.4
198.679065,25.4
198.779126,25.4
198.879403,25.4
198.979332,25.4
199.078963,25.4
199.178974,25.4
199.27896,25.4
199.379182,25.4
199.479215,25.4
199.579218,25.4
199.679217,25.4
199.779186,25.4
199.879143,25.4
199.979158,25.4
200.079755,25.4
200.179797,25.4
200.279794,25.4
200.379048,25.4
200.479657,25.4
200.579694,25.4
200.679676,25.4
200.779646,25.4
200.878906,25.4
200.978883,25.4
201.079488,25.4
201.179488,25.4
201.279494,25.4
201.379608,25.4
201.479616,25.4
201.579587,25.4
201.679586,25.4
201.779642,25.4
201.878949,25.4
201.979168,25.4
202.079504,25.4
202.179433,25.4
202.279439,25.4
202.379754,25.4
202.479728,25.4
202.579747,25.4
202.679328,25.4
202.779723,25.4
202.879012,25.4
202.979013,25.4
203.07966,25.4
203.179846,25.4
203.279136,25.4
203.379329,25.4
203.479331,25.4
203.579318,25.4
203.679348,25.4
203.779332,25.4
203.879584,25.4
203.979596,25.4
204.079791,25.4
204.179815,25.4
204.279846,25.4
204.380007,25.4
204.480016,25.4
204.579984,25.4
204.679011,25.4
204.779005,25.4
204.879893,25.4
204.978905,25.4
205.079451,25.4
205.179444,25.4
205.279467,25.4
205.379713,25.4
205.479686,25.4
205.579724,25.4
205.679723,25.4
205.779711,25.4
205.879996,25.4
205.97996,25.4
206.079598,25.4
206.179604,25.4
206.279599,25.4
206.379781,25.4
206.479748,25.4
206.579743,25.4
206.679763,25.4
206.779777,25.4
206.879691,25.4
206.97928,25.4
207.079513,25.4
207.179416,25.4
207.279427,25.4
207.379746,25.4
207.47973,25.4
207.579728,25.4
207.679744,25.4
207.779769,25.4
207.880067,25.4
207.980063,25.4
208.079719,25.4
208.179694,25.4
208.27927,25.4
208.379951,25.4
208.479914,25.4
208.579966,25.4
208.679975,25.4
208.779947,25.4
208.879276,25.4
208.979262,25.4
209.079947,25.4
209.179944,25.4
209.279885,25.4
209.379218,25.4
209.479206,25.4
209.579204,25.4
209.67923,25.4
209.779203,25.4
209.879488,25.4
209.979532,25.4
210.080173,25.4
210.180159,25.4
210.27985,25.4
210.380134,25.4
210.480169,25.4
210.580151,25.4
210.679725,25.4
210.779192,25.4
210.879216,25.4
210.979218,25.4
211.079222,25.4
211.179209,25.4
211.279237,25.4
211.379212,25.4
211.47921,25.4
211.579706,25.4
211.6797,25.4
211.779702,25.4
211.879705,25.4
211.979705,25.4
212.079709,25.4
212.179706,25.4
212.279708,25.4
212.379701,25.4
212.479704,25.4
212.579753,25.4
212.679712,25.4
212.779705,25.4
212.879243,25.4
212.979224,25.4
213.079708,25.4
213.179699,25.4
213.279701,25.4
213.379705,25.4
213.479702,25.4
213.57969,25.4
213.679702,25.4
213.779715,25.4
213.87971,25.4
213.979702,25.4
214.079725,25.4
214.179729,25.4
214.279706,25.4
214.379719,25.4
214.47971,25.4
214.579712,25.4
214.679742,25.4
214.779727,25.4
214.879718,25.4
214.97973,25.4
215.079705,25.4
215.179727,25.4
215.279706,25.4
215.379747,25.4
215.479704,25.4
215.579705,25.4
215.679714,25.4
215.779704,25.4
215.879704,25.4
215.979709,25.4
216.079725,25.4
216.179704,25.4
216.27972,25.4
216.37973,25.4
216.479726,25.4
216.579754,25.4
216.679719,25.4
216.779724,25.4
216.879726,25.4
216.979724,25.4
217.079742,25.4
217.179707,25.4
217.279704,25.4
217.379705,25.4
217.479704,25.4
217.579708,25.4
217.679704,25.4
217.779727,25.4
217.879719,25.4
217.979749,25.4
218.079732,25.4
218.179699,25.4
218.279719,25.4
218.379738,25.4
218.479711,25.4
218.579718,25.4
218.679748,25.4
218.779717,25.4
218.879725,25.4
218.97971,25.4
219.07974,25.4
219.179707,25.4
219.279724,25.4
219.37971,25.4
219.479753,25.4
219.579729,25.4
219.679774,25.4
219.780213,25.4
219.880227,25.4
219.980205,25.4
220.080206,25.4
220.1802,25.4
220.280221,25.4
220.380202,25.4
220.480205,25.4
220.579716,25.4
220.679729,25.4
220.779732,25.4
220.879728,25.4
220.979744,25.4
221.080223,25.4
221.180224,25.4
221.280206,25.4
221.380226,25.4
221.4802,25.4
221.580225,25.4
221.680227,25.4
221.78022,25.4
221.88022,25.4
221.980216,25.4
222.079725,25.4
222.179721,25.4
222.27975,25.4
222.379737,25.4
222.479716,25.4
222.580221,25.4
222.68022,25.4
222.780226,25.4
222.880207,25.4
222.9802,25.4
223.080237,25.4
223.180227,25.4
223.280219,25.4
223.380216,25.4
223.480204,25.4
223.580198,25.4
223.679738,25.4
223.779742,25.4
223.879733,25.4
223.97973,25.4
224.080206,25.4
224.180205,25.4
224.280201,25.4
224.380205,25.4
224.480222,25.4
224.580212,25.4
224.68022,25.4
224.779702,25.4
224.879706,25.4
224.9797,25.4
225.079705,25.4
225.179716,25.4
225.279724,25.4
225.379713,25.4
225.479722,25.4
225.579714,25.4
225.679707,25.4
225.77971,25.4
225.879704,25.4
225.979704,25.4
226.079707,25.4
226.179721,25.4
226.27971,25.4
226.379705,25.4
226.479712,25.4
226.579747,25.4
226.679706,25.4
226.779704,25.4
226.879699,25.4
226.979696,25.4
227.079724,25.4
227.179714,25.4
227.279693,25.4
227.379719,25.4
227.479716,25.3
227.579714,25.3
227.679725,25.3
227.779705,25.3
227.879702,25.3
227.979681,25.3
228.0797,25.3
228.179706,25.3
228.280297,25.3
228.379742,25.3
228.479731,25.3
228.579711,25.3
228.679689,25.3
228.779726,25.3
228.879739,25.3
228.979731,25.3
229.079743,25.3
229.179718,25.3
229.280239,25.3
229.38023,25.3
229.480198,25.3
229.580216,25.3
229.680237,25.3
229.780221,25.3
229.880207,25.3
229.980205,25.3
230.080227,25.3
230.180197,25.3
230.28021,25.3
230.380213,25.3
230.480207,25.3
230.580208,25.3
230.68021,25.3
230.780232,25.3
230.880207,25.3
230.980218,25.3
231.08023,25.3
231.180212,25.3
231.280212,25.3
231.380213,25.3
231.480205,25.3
231.580206,25.3
231.680228,25.3
231.780205,25.3
231.88021,25.3
231.980166,25.3
232.08077,25.3
232.180907,25.3
232.280898,25.3
232.380194,25.3
232.480324,25.3
232.580336,25.3
232.680296,25.3
232.780291,25.3
232.88057,25.3
232.980542,25.3
233.080197,25.3
233.18031,25.3
233.280436,25.3
233.38061,25.3
233.480186,25.3
233.580168,25.3
233.680175,25.3
233.780174,25.3
233.88033,25.3
233.980371,25.3
234.080958,25.3
234.180948,25.3
234.28094,25.3
234.381108,25.3
234.480702,25.3
234.580682,25.3
234.680676,25.3
234.780711,25.3
234.880861,25.3
234.980874,25.3
235.080442,25.3
235.180477,25.3
235.280436,25.3
235.380549,25.3
235.480665,25.3
235.580664,25.3
235.68068,25.3
235.780688,25.3
235.880996,25.3
235.980952,25.3
236.080611,25.3
236.1806,25.3
236.280616,25.3
236.380913,25.3
236.480378,25.3
236.580364,25.3
236.680387,25.3
236.780372,25.3
236.880584,25.3
236.981174,25.3
237.080652,25.3
237.181092,25.3
237.281093,25.3
237.381296,25.3
237.480919,25.3
237.580964,25.3
237.680926,25.3
237.780923,25.3
237.88008,25.3
237.980069,25.3
238.080554,25.3
238.180011,25.3
238.280492,25.3
238.380658,25.3
238.479878,25.3
238.579831,25.3
238.680849,25.3
238.779856,25.3
238.880011,25.3
238.980018,25.3
239.080558,25.3
239.180577,25.3
239.28057,25.3
239.380781,25.3
239.480905,25.3
239.5799,25.3
239.679891,25.3
239.77991,25.3
239.880062,25.3
239.980023,25.3
240.080575,25.3
240.180591,25.3
240.280581,25.3
240.38077,25.3
240.480384,25.3
240.580414,25.3
240.680399,25.4
240.780382,25.4
240.880492,25.4
240.980488,25.4
241.080083,25.4
241.180088,25.4
241.280075,25.4
241.380279,25.4
241.480435,25.4
241.580408,25.4
241.679933,25.5
241.779934,25.5
241.879919,25.5
241.979944,25.5
242.079936,25.5
242.179934,25.5
242.279945,25.5
242.380443,25.5
242.480422,25.6
242.580428,25.6
242.680428,25.6
242.780424,25.6
242.880429,25.6
242.980428,25.6
243.080423,25.7
243.180425,25.7
243.280407,25.7
243.380444,25.7
243.48041,25.7
243.58044,25.8
243.679955,25.8
243.779946,25.8
243.880443,25.8
243.979952,25.9
244.080425,25.9
244.180424,25.9
244.280428,25.9
244.380429,26
244.480404,26
244.580431,26
244.680422,26
244.780434,26.1
244.880424,26.1
244.980428,26.1
245.080429,26.2
245.180428,26.2
245.28043,26.2
245.380433,26.3
245.48046,26.3
245.580428,26.3
245.68046,26.4
245.780416,26.4
245.880404,26.4
245.980428,26.5
246.080407,26.5
246.180424,26.5
246.280425,26.6
246.380434,26.6
246.480442,26.6
246.580407,26.7
246.680424,26.7
246.780426,26.7
246.880406,26.8
246.980444,26.8
247.080432,26.8
247.180426,26.9
247.280424,26.9
247.380435,27
247.480435,27
247.580437,27
247.680443,27.1
247.780417,27.1
247.880409,27.2
247.980098,27.2
248.080428,27.2
248.180411,27.3
248.280431,27.3
248.380429,27.4
248.480406,27.4
248.580436,27.5
248.680422,27.5
248.780465,27.5
248.880444,27.6
248.980435,27.6
249.080437,27.7
249.180427,27.7
249.28044,27.8
249.380435,27.8
249.480438,27.9
249.580438,27.9
249.680436,28
249.780436,28
249.880406,28
249.980406,28.1
250.080432,28.2
250.180424,28.2
250.28048,28.3
250.380436,28.3
250.480457,28.4
250.580418,28.4
250.680438,28.5
250.780443,28.5
250.880433,28.6
250.980451,28.6
251.080434,28.7
251.180438,28.8
251.280424,28.8
251.380433,28.9
251.480438,28.9
251.580925,29
251.680943,29
251.780943,29.1
251.880427,29.2
251.980418,29.2
252.080424,29.3
252.180415,29.3
252.280436,29.4
252.380438,29.4
252.480418,29.5
252.580436,29.6
252.680422,29.6
252.780444,29.7
252.880447,29.7
252.980438,29.8
253.080435,29.9
253.180458,29.9
253.280452,30
253.380924,30
253.48091,30.1
253.580945,30.2
253.680922,30.2
253.780944,30.3
253.880945,30.4
253.980435,30.4
254.080418,30.5
254.180438,30.5
254.280439,30.6
254.380436,30.7
254.480416,30.7
254.580458,30.8
254.680435,30.8
254.780944,30.9
254.880472,31
254.980931,31
255.080938,31.1
255.180916,31.2
255.280923,31.2
255.380926,31.3
255.480925,31.4
255.580948,31.4
255.680949,31.5
255.780908,31.5
255.880929,31.6
255.98093,31.7
256.080459,31.7
256.180446,31.8
256.280926,31.9
256.380934,31.9
256.480924,32
256.580944,32.1
256.680936,32.1
256.780927,32.2
256.880906,32.3
256.980947,32.3
257.080905,32.4
257.180924,32.4
257.28096,32.5
257.380904,32.6
257.48095,32.6
257.580906,32.7
257.680924,32.8
257.780939,32.8
257.88096,32.9
257.980938,33
258.080956,33
258.180989,33.1
258.280926,33.2
258.380937,33.2
258.480968,33.3
258.580934,33.4
258.68092,33.4
258.780948,33.5
258.880933,33.6
258.980943,33.6
259.080954,33.7
259.180923,33.8
259.280926,33.8
259.380984,33.9
259.480936,34
259.580935,34
259.680968,34.1
259.780919,34.2
259.880933,34.2
259.980942,34.3
260.08092,34.4
260.180953,34.4
260.280976,34.5
260.380938,34.6
260.480943,34.6
260.580967,34.7
260.680937,34.8
260.780965,34.8
260.880962,34.9
260.980943,35
261.080953,35
261.180917,35.1
261.280933,35.2
261.380926,35.2
261.480948,35.3
261.58095,35.4
261.680937,35.4
261.780963,35.5
261.880943,35.6
261.980931,35.6
262.080919,35.7
262.180924,35.8
262.28094,35.8
262.380966,35.9
262.480948,36
262.580953,36
262.680936,36.1
262.780947,36.2
262.880939,36.2
262.980939,36.3
263.080935,36.4
263.180917,36.4
263.280929,36.5
263.380937,36.6
263.480926,36.7
263.580964,36.7
263.680954,36.8
263.780923,36.9
263.880967,36.9
263.980935,37
264.081405,37.1
264.180918,37.1
264.280936,37.2
264.380939,37.3
264.480944,37.3
264.580943,37.4
264.680938,37.5
264.780991,37.5
264.880945,37.6
264.980927,37.7
265.080951,37.7
265.180936,37.8
265.280935,37.9
265.380949,37.9
265.480935,38
265.580972,38.1
265.681423,38.1
265.781443,38.2
265.88144,38.3
265.981452,38.3
266.081428,38.4
266.181421,38.5
266.280981,38.6
266.380938,38.6
266.480919,38.7
266.580944,38.8
266.680921,38.8
266.780935,38.9
266.880946,39
266.980924,39
267.080952,39.1
267.180961,39.2
267.281404,39.2
267.381425,39.3
267.481403,39.4
267.581404,39.4
267.681444,39.5
267.781425,39.6
267.881425,39.6
267.98143,39.7
268.081429,39.8
268.181193,39.8
268.280965,39.9
268.380974,40
268.480954,40
268.580936,40.1
268.681446,40.2
268.781422,40.2
268.881432,40.3
268.981426,40.4
269.081429,40.4
269.181432,40.5
269.281441,40.6
269.381421,40.6
269.48143,40.7
269.581406,40.8
269.681427,40.9
269.781424,40.9
269.881408,41
269.981406,41.1
270.081415,41.1
270.181433,41.2
270.281434,41.3
270.381436,41.3
270.481405,41.4
270.581422,41.5
270.681429,41.5
270.781425,41.6
270.881426,41.7
270.981426,41.7
271.081426,41.8
271.181444,41.9
271.281449,41.9
271.381456,42
271.481423,42.1
271.58144,42.1
271.68143,42.2
271.781459,42.3
271.881417,42.3
271.981417,42.4
272.081427,42.5
272.181416,42.5
272.28144,42.6
272.381418,42.7
272.481436,42.7
272.581428,42.8
272.681433,42.9
272.781426,42.9
272.88143,43
272.981424,43.1
273.081427,43.1
273.18144,43.2
273.281445,43.3
273.381434,43.3
273.481432,43.4
273.581457,43.5
273.681416,43.5
273.781438,43.6
273.881438,43.7
273.981434,43.7
274.081452,43.8
274.181442,43.9
274.28142,43.9
274.381443,44
274.481434,44.1
274.581438,44.1
274.681405,44.2
274.781423,44.3
274.881418,44.4
274.981464,44.4
275.081435,44.5
275.181438,44.6
275.281436,44.6
275.381436,44.7
275.481423,44.8
275.581436,44.8
275.681435,44.9
275.781438,45
275.881448,45
275.981441,45.1
276.081445,45.2
276.181436,45.2
276.281444,45.3
276.381447,45.4
276.481925,45.4
276.581438,45.5
276.681454,45.6
276.781455,45.6
276.881436,45.7
276.981418,45.8
277.081419,45.8
277.181454,45.9
277.281439,46
277.381442,46
277.481434,46.1
277.581427,46.2
277.681433,46.2
277.781417,46.3
277.881438,46.4
277.981944,46.4
278.08191,46.5
278.181925,46.6
278.281906,46.6
278.38192,46.7
278.481945,46.8
278.58194,46.8
278.681436,46.9
278.781443,47
278.881424,47
278.981435,47.1
279.081433,47.2
279.181417,47.2
279.28144,47.3
279.381442,47.4
279.481447,47.4
279.581926,47.5
279.681924,47.6
279.781929,47.6
279.881926,47.7
279.981946,47.7
280.081925,47.8
280.181947,47.9
280.281946,47.9
280.381906,48
280.481904,48.1
280.581944,48.1
280.681429,48.2
280.781454,48.3
280.881441,48.3
280.981457,48.4
281.081903,48.5
281.181922,48.5
281.281466,48.6
281.381928,48.7
281.481926,48.7
281.581942,48.8
281.681922,48.9
281.781904,48.9
281.881923,49
281.981909,49.1
282.081907,49.1
282.181926,49.2
282.281927,49.3
282.381925,49.3
282.481906,49.4
282.581923,49.5
282.681935,49.5
282.781941,49.6
282.88194,49.7
282.981927,49.7
283.081922,49.8
283.181925,49.9
283.281925,49.9
283.381938,50
283.481941,50
283.581918,50.1
283.681936,50.2
283.78195,50.2
283.881938,50.3
283.981938,50.4
284.081933,50.4
284.18194,50.5
284.28194,50.6
284.381938,50.6
284.481934,50.7
284.581936,50.8
284.68192,50.8
284.781957,50.9
284.881935,51
284.981944,51
285.081953,51.1
285.181921,51.1
285.281933,51.2
285.381936,51.3
285.481934,51.3
285.58195,51.4
285.681936,51.5
285.782002,51.5
285.881936,51.6
285.98197,51.7
286.081943,51.7
286.181945,51.8
286.281921,51.9
286.381934,51.9
286.481936,52
286.581934,52.1
286.681921,52.1
286.781935,52.2
286.881934,52.3
286.981931,52.3
287.081934,52.4
287.18194,52.4
287.281938,52.5
287.381934,52.6
287.481951,52.6
287.581956,52.7
287.681936,52.8
287.782256,52.8
287.881962,52.9
287.981938,53
288.081933,53
288.181918,53.1
288.28195,53.2
288.381941,53.2
288.481933,53.3
288.581934,53.3
288.681939,53.4
288.78196,53.5
288.881943,53.5
288.981944,53.6
289.081921,53.7
289.181938,53.7
289.281938,53.8
289.381944,53.9
289.481927,53.9
289.581945,54
289.681958,54.1
289.782058,54.1
289.881934,54.2
289.98195,54.2
290.081933,54.3
290.181932,54.4
290.281945,54.4
290.381956,54.5
290.482443,54.6
290.582422,54.6
290.682427,54.7
290.782425,54.8
290.882426,54.8
290.981935,54.9
291.081929,54.9
291.181936,55
291.281938,55.1
291.381916,55.1
291.481954,55.2
291.58194,55.3
291.681934,55.3
291.781938,55.4
291.881936,55.5
291.982408,55.5
292.082412,55.6
292.18244,55.6
292.282439,55.7
292.382404,55.8
292.482424,55.8
292.582425,55.9
292.682429,56
292.782421,56
292.882432,56.1
292.982425,56.1
293.081956,56.2
293.181934,56.3
293.281941,56.3
293.381972,56.4
293.481939,56.5
293.582423,56.5
293.682423,56.6
293.782406,56.6
293.882421,56.7
293.982424,56.8
294.082405,56.8
294.182424,56.9
294.28243,57
294.382444,57
294.482413,57.1
294.58243,57.1
294.682444,57.2
294.782434,57.3
294.882424,57.3
294.982433,57.4
295.082436,57.5
295.182422,57.5
295.282427,57.6
295.382424,57.6
295.482422,57.7
295.582408,57.8
295.682422,57.8
295.782428,57.9
295.882405,58
295.982422,58
296.08243,58.1
296.18243,58.1
296.282422,58.2
296.382407,58.3
296.482425,58.3
296.582433,58.4
296.682416,58.4
296.782441,58.5
296.882436,58.6
296.982456,58.6
297.082453,58.7
297.18245,58.7
297.282421,58.8
297.38244,58.9
297.482421,58.9
297.582426,59
297.682424,59.1
297.782423,59.1
297.882429,59.2
297.982423,59.2
298.082446,59.3
298.18245,59.4
298.282427,59.4
298.382415,59.5
298.482435,59.5
298.582446,59.6
298.682415,59.7
298.782454,59.7
298.882438,59.8
298.982441,59.8
299.082443,59.9
299.182435,60
299.282406,60
299.382426,60.1
299.482431,60.1
299.582436,60.2
299.682424,60.3
299.782436,60.3
299.88244,60.4
299.982435,60.4
300.082416,60.5
300.182442,60.6
300.28245,60.6
300.382443,60.7
300.482435,60.8
300.582433,60.8
300.682419,60.9
300.782457,60.9
300.882469,61
300.982445,61
301.082443,61.1
301.182433,61.2
301.282456,61.2
301.382415,61.3
301.482436,61.3
301.582438,61.4
301.682452,61.5
301.782424,61.5
301.882436,61.6
301.982438,61.6
302.082442,61.7
302.182437,61.8
302.282421,61.8
302.382449,61.9
302.482441,61.9
302.582437,62
302.682927,62
302.782454,62.1
302.882942,62.2
302.982943,62.2
303.082939,62.3
303.182916,62.3
303.282926,62.4
303.382437,62.5
303.482438,62.5
303.582445,62.6
303.682434,62.6
303.782436,62.7
303.882441,62.8
303.982453,62.8
304.082419,62.9
304.182436,62.9
304.282435,63
304.382906,63
304.482942,63.1
304.582905,63.2
304.682932,63.2
304.782905,63.3
304.882906,63.3
304.982946,63.4
305.082942,63.5
305.182923,63.5
305.28291,63.6
305.382441,63.6
305.482416,63.7
305.582441,63.7
305.682464,63.8
305.782928,63.9
305.882451,63.9
305.982911,64
306.082946,64
306.182924,64.1
306.282924,64.2
306.382928,64.2
306.482928,64.3
306.582923,64.3
306.682903,64.4
306.782922,64.4
306.882922,64.5
306.982911,64.6
307.082906,64.6
307.182904,64.7
307.282909,64.7
307.382464,64.8
307.482923,64.9
307.582908,64.9
307.682927,65
307.782925,65
307.882927,65.1
307.982928,65.1
308.082909,65.2
308.182911,65.3
308.282907,65.3
308.382928,65.4
308.482926,65.4
308.582928,65.5
308.682942,65.5
308.782931,65.6
308.882955,65.7
308.982941,65.7
309.082916,65.8
309.182944,65.8
309.282935,65.9
309.38294,65.9
309.482936,66
309.582951,66.1
309.682934,66.1
309.782937,66.2
309.882955,66.2
309.982944,66.3
310.082935,66.3
310.182916,66.4
310.282917,66.5
310.382936,66.5
310.482926,66.6
310.582958,66.6
310.682934,66.7
310.782936,66.7
310.882919,66.8
310.982938,66.9
311.082938,66.9
311.182952,67
311.282923,67
311.382935,67.1
311.482935,67.1
311.582916,67.2
311.682951,67.3
311.782941,67.3
311.882938,67.4
311.982953,67.4
312.082923,67.5
312.182963,67.5
312.282937,67.6
312.382937,67.6
312.482943,67.7
312.582935,67.8
312.682943,67.8
312.782964,67.9
312.882941,67.9
312.982941,68
313.082918,68
313.182938,68.1
313.282917,68.2
313.382939,68.2
313.482933,68.3
313.582948,68.3
313.682924,68.4
313.782937,68.4
313.882935,68.5
313.982936,68.6
314.082933,68.6
314.182933,68.7
314.282935,68.7
314.382923,68.8
314.482944,68.8
314.582939,68.9
314.682932,69
314.782941,69
314.882939,69.1
314.982941,69.1
315.083452,69.2
315.182945,69.2
315.283426,69.3
315.38345,69.3
315.483427,69.4
315.582938,69.5
315.682932,69.5
315.782919,69.6
315.882941,69.6
315.982952,69.7
316.082936,69.7
316.182935,69.8
316.282939,69.8
316.382934,69.9
316.482918,70
316.582916,70
316.682956,70.1
316.782935,70.1
316.883442,70.2
316.983432,70.2
317.083416,70.3
317.183425,70.3
317.283428,70.4
317.383423,70.5
317.483429,70.5
317.583448,70.6
317.682939,70.6
317.782951,70.7
317.882957,70.7
317.982925,70.8
318.082937,70.8
318.182942,70.9
318.282943,71
318.383442,71
318.483423,71.1
318.583429,71.1
318.683429,71.2
318.783428,71.2
318.883427,71.3
318.983424,71.3
319.083426,71.4
319.183424,71.5
319.283427,71.5
319.383433,71.6
319.48342,71.6
319.583424,71.7
319.683434,71.7
319.782958,71.8
319.882942,71.8
319.98345,71.9
320.08344,71.9
320.183431,72
320.283423,72.1
320.38343,72.1
320.483425,72.2
320.583423,72.2
320.683422,72.3
320.783423,72.3
320.883426,72.4
320.983426,72.4
321.083422,72.5
321.183426,72.5
321.283438,72.6
321.383422,72.7
321.483436,72.7
321.583452,72.8
321.683436,72.8
321.783442,72.9
321.883433,72.9
321.983408,73
322.083408,73
322.183424,73.1
322.283429,73.2
322.383406,73.2
322.483424,73.3
322.583423,73.3
322.683425,73.4
322.783446,73.4
322.883423,73.5
322.98347,73.5
323.083435,73.6
323.183425,73.6
323.283434,73.7
323.383435,73.8
323.483436,73.8
323.583432,73.9
323.683417,73.9
323.783436,74
323.883416,74
323.983428,74.1
324.083428,74.1
324.183423,74.2
324.283406,74.3
324.383445,74.3
324.483424,74.4
324.583418,74.4
324.683415,74.5
324.783433,74.5
324.883465,74.6
324.983438,74.6
325.083509,74.7
325.183463,74.7
325.283449,74.8
325.383436,74.8
325.483436,74.9
325.583442,75
325.683424,75
325.783441,75.1
325.883434,75.1
325.983404,75.2
326.083448,75.2
326.18344,75.3
326.283416,75.3
326.383452,75.4
326.483455,75.4
326.583437,75.5
326.683434,75.5
326.783438,75.6
326.883441,75.7
326.983438,75.7
327.083423,75.8
327.183436,75.8
327.283418,75.9
327.383435,75.9
327.483433,76
327.583461,76
327.68394,76.1
327.783921,76.1
327.883943,76.2
327.983918,76.2
328.08391,76.3
328.183907,76.4
328.283924,76.4
328.383922,76.5
328.483747,76.5
328.583923,76.6
328.683932,76.6
328.783927,76.7
328.883922,76.7
328.983924,76.8
329.083449,76.8
329.183439,76.9
329.28392,76.9
329.383925,77
329.483926,77
329.583922,77.1
329.683944,77.2
329.788977,77.2
329.883923,77.3
329.983931,77.3
330.08392,77.4
330.183927,77.4
330.283923,77.5
330.383927,77.5
330.483928,77.6
330.58392,77.6
330.683938,77.7
330.783809,77.7
330.883917,77.8
330.983933,77.8
331.083937,77.8
331.18393,77.9
331.283941,77.9
331.383933,78
331.483932,78
331.583932,78.1
331.683952,78.1
331.783934,78.2
331.88394,78.2
331.983947,78.3
332.083932,78.3
332.184456,78.3
332.283934,78.4
332.383914,78.4
332.483931,78.5
332.583949,78.5
332.683937,78.5
332.78393,78.6
332.883939,78.6
332.983931,78.7
333.083932,78.7
333.183927,78.7
333.283934,78.8
333.383954,78.8
333.483938,78.9
333.583935,78.9
333.683937,78.9
333.783953,79
333.884437,79
333.984421,79
334.084426,79.1
334.184424,79.1
334.283932,79.1
334.383955,79.2
334.483935,79.2
334.583938,79.2
334.683942,79.3
334.783936,79.3
334.883931,79.3
334.983932,79.4
335.083939,79.4
335.183949,79.4
335.283956,79.5
335.384452,79.5
335.484421,79.5
335.584422,79.5
335.684444,79.6
335.78442,79.6
335.884437,79.6
335.984422,79.7
336.08442,79.7
336.18445,79.7
336.283937,79.7
336.383937,79.8
336.483957,79.8
336.583943,79.8
336.683934,79.8
336.783995,79.9
336.884454,79.9
336.984448,79.9
337.084414,79.9
337.184423,79.9
337.284425,80
337.384435,80
337.484427,80
337.58442,80
337.684442,80.1
337.78442,80.1
337.884424,80.1
337.984427,80.1
338.084432,80.1
338.184435,80.2
338.284427,80.2
338.383964,80.2
338.483944,80.2
338.584447,80.2
338.684426,80.2
338.784443,80.3
338.884446,80.3
338.984422,80.3
339.08442,80.3
339.184423,80.3
339.284425,80.4
339.384422,80.4
339.484425,80.4
339.584421,80.4
339.684421,80.4
339.784434,80.4
339.884425,80.4
339.984422,80.5
340.084442,80.5
340.184455,80.5
340.284432,80.5
340.384432,80.5
340.484451,80.5
340.584427,80.5
340.684421,80.5
340.78443,80.6
340.884426,80.6
340.984423,80.6
341.084427,80.6
341.184424,80.6
341.284421,80.6
341.384449,80.6
341.484425,80.6
341.584466,80.6
341.684453,80.6
341.784438,80.6
341.884438,80.7
341.984451,80.7
342.08442,80.7
342.184452,80.7
342.284432,80.7
342.384438,80.7
342.484432,80.7
342.584434,80.7
342.684422,80.7
342.784428,80.7
342.884403,80.7
342.984422,80.7
343.084426,80.7
343.184421,80.8
343.284442,80.8
343.384455,80.8
343.484434,80.8
343.58445,80.8
343.684434,80.8
343.784434,80.8
343.884433,80.8
343.984435,80.8
344.08443,80.8
344.184453,80.8
344.284453,80.8
344.384433,80.8
344.484924,80.8
344.58443,80.8
344.684446,80.8
344.784434,80.8
344.884432,80.8
344.984436,80.8
345.092984,80.8
345.184433,80.8
345.284433,80.8
345.384432,80.8
345.484443,80.8
345.584432,80.8
345.684439,80.8
345.784431,80.8
345.884436,80.8
345.984433,80.8
346.084434,80.9
346.184444,80.9
346.284956,80.9
346.384952,80.9
346.484928,80.9
346.584938,80.9
346.684434,80.9
346.784432,80.9
346.884433,80.9
346.984442,80.9
347.084438,80.9
347.184433,80.9
347.284438,80.9
347.384448,80.9
347.484432,80.9
347.584433,80.9
347.684934,80.9
347.784922,80.9
347.884922,80.9
347.984922,80.9
348.084923,80.9
348.184925,80.9
348.284948,80.9
348.384951,80.9
348.48492,80.9
348.584941,80.9
348.684447,80.9
348.784465,80.9
348.884433,80.9
348.984431,80.9
349.084435,80.9
349.184922,80.9
349.284924,80.9
349.384927,80.9
349.484924,80.9
349.584921,80.9
349.684927,80.9
349.784923,80.9
349.884934,80.9
349.984925,80.9
350.084925,80.8
350.184938,80.8
350.284934,80.8
350.384924,80.8
350.484936,80.8
350.584923,80.8
350.684936,80.8
350.784956,80.8
350.884928,80.8
350.984922,80.8
351.084921,80.8
351.184934,80.8
351.284927,80.8
351.384941,80.8
351.484927,80.8
351.584925,80.8
351.684922,80.8
351.784924,80.8
351.884919,80.8
351.984907,80.8
352.084928,80.8
352.18494,80.8
352.284931,80.8
352.384949,80.8
352.48494,80.8
352.584933,80.8
352.684935,80.8
352.784936,80.8
352.884933,80.8
352.984933,80.8
353.084934,80.8
353.184941,80.8
353.284961,80.7
353.384935,80.7
353.484937,80.7
353.584941,80.7
353.684948,80.7
353.784937,80.7
353.884944,80.7
353.984931,80.7
354.08494,80.7
354.184931,80.7
354.284932,80.7
354.384951,80.7
354.484946,80.7
354.584936,80.7
354.684944,80.7
354.78493,80.7
354.884931,80.7
354.984933,80.7
355.084934,80.7
355.184936,80.7
355.284938,80.7
355.384936,80.7
355.484936,80.6
355.584962,80.6
355.684948,80.6
355.784931,80.6
355.884944,80.6
355.984935,80.6
356.084943,80.6
356.184936,80.6
356.28493,80.6
356.384935,80.6
356.484934,80.6
356.584932,80.6
356.684952,80.6
356.784944,80.6
356.884952,80.6
356.984947,80.6
357.084942,80.6
357.184944,80.6
357.284936,80.5
357.384935,80.5
357.484933,80.5
357.584931,80.5
357.684931,80.5
357.78495,80.5
357.88493,80.5
357.98493,80.5
358.084939,80.5
358.184932,80.5
358.284939,80.5
358.384951,80.5
358.484943,80.5
358.584968,80.5
358.685425,80.5
358.78545,80.5
358.88542,80.5
358.985421,80.5
359.085423,80.4
359.184931,80.4
359.284932,80.4
359.384967,80.4
359.484966,80.4
359.584934,80.4
359.684948,80.4
359.784955,80.4
359.884931,80.4
359.984963,80.4
360.085449,80.4
360.185442,80.4
360.285444,80.4
360.385444,80.4
360.485428,80.4
360.585421,80.4
360.68542,80.4
360.785422,80.3
360.885426,80.3
360.985421,80.3
361.085422,80.3
361.184933,80.3
361.284939,80.3
361.384954,80.3
361.484942,80.3
361.584937,80.3
361.685447,80.3
361.785449,80.3
361.885424,80.3
361.985427,80.3
362.085425,80.3
362.185427,80.3
362.285427,80.3
362.385422,80.3
362.485424,80.2
362.585421,80.2
362.685421,80.2
362.785447,80.2
362.885429,80.2
362.985424,80.2
363.085425,80.2
363.185423,80.2
363.285457,80.2
363.385444,80.2
363.48542,80.2
363.585425,80.2
363.68542,80.2
363.785422,80.1
363.885428,80.1
363.985427,80.1
364.085428,80.1
364.185421,80.1
364.285452,80.1
364.38543,80.1
364.485423,80.1
364.585422,80.1
364.685423,80.1
364.785431,80.1
364.885432,80.1
364.985431,80.1
365.085433,80.1
365.185447,80
365.285432,80
365.385444,80
365.48542,80
365.585438,80
365.685424,80
365.785421,80
365.885422,80
365.985424,80
366.085426,80
366.185427,80
366.285432,80
366.385421,80
366.485453,80
366.585461,79.9
366.685448,79.9
366.785438,79.9
366.885434,79.9
366.985441,79.9
367.085444,79.9
367.185433,79.9
367.285435,79.9
367.38543,79.9
367.485426,79.9
367.585427,79.9
367.685421,79.9
367.785426,79.9
367.885424,79.8
367.985438,79.8
368.08543,79.8
368.185443,79.8
368.285435,79.8
368.385449,79.8
368.485432,79.8
368.585431,79.8
368.685436,79.8
368.785432,79.8
368.885444,79.8
368.985439,79.8
369.085442,79.8
369.185463,79.8
369.285438,79.7
369.385936,79.7
369.485422,79.7
369.585447,79.7
369.685431,79.7
369.78543,79.7
369.885503,79.7
369.985431,79.7
370.085433,79.7
370.185432,79.7
370.285414,79.7
370.385432,79.7
370.485433,79.7
370.585448,79.7
370.685456,79.6
370.785444,79.6
370.885452,79.6
370.985923,79.6
371.085923,79.6
371.185942,79.6
371.285943,79.6
371.385939,79.6
371.48543,79.6
371.585451,79.6
371.685438,79.6
371.785445,79.6
371.885434,79.6
371.985446,79.6
372.085416,79.5
372.185444,79.5
372.285434,79.5
372.385442,79.5
372.485455,79.5
372.585924,79.5
372.685939,79.5
372.785921,79.5
372.885934,79.5
372.985924,79.5
373.086012,79.5
373.185904,79.5
373.285954,79.5
373.385942,79.4
373.48545,79.4
373.585468,79.4
373.685432,79.4
373.785432,79.4
373.885438,79.4
373.98544,79.4
374.08592,79.4
374.18592,79.4
374.285934,79.4
374.385928,79.4
374.485922,79.4
374.585921,79.4
374.685926,79.4
374.785935,79.3
374.885927,79.3
374.985925,79.3
375.085974,79.3
375.185922,79.3
375.285942,79.3
375.385923,79.3
375.485924,79.3
375.585938,79.3
375.685921,79.3
375.785926,79.3
375.886081,79.3
375.985924,79.3
376.085926,79.3
376.185927,79.2
376.285921,79.2
376.385927,79.2
376.485926,79.2
376.585932,79.2
376.685927,79.2
376.785927,79.2
376.885943,79.2
376.985934,79.2
377.085931,79.2
377.185959,79.2
377.285936,79.2
377.38594,79.2
377.485914,79.1
377.585931,79.1
377.685931,79.1
377.785956,79.1
377.885932,79.1
377.985932,79.1
378.085932,79.1
378.185952,79.1
378.285943,79.1
378.38595,79.1
378.485935,79.1
378.585931,79.1
378.685937,79.1
378.786422,79.1
378.885938,79
378.985949,79
379.085936,79
379.185933,79
379.285941,79
379.385939,79
379.485932,79
379.585934,79
379.685932,79
379.785939,79
379.885959,79
379.985933,79
380.085931,79
380.185937,79
380.286425,78.9
380.38642,78.9
380.486426,78.9
380.586423,78.9
380.68642,78.9
380.786436,78.9
380.886438,78.9
380.986427,78.9
381.08642,78.9
381.186421,78.9
381.286427,78.9
381.385933,78.9
381.485932,78.9
381.585946,78.8
381.685933,78.8
381.785947,78.8
381.886441,78.8
381.986437,78.8
382.086424,78.8
382.186421,78.8
382.286424,78.8
382.386421,78.8
382.486422,78.8
382.586422,78.8
382.686423,78.8
382.786444,78.8
382.886424,78.7
382.986444,78.7
383.08643,78.7
383.186427,78.7
383.286424,78.7
383.386432,78.7
383.485994,78.7
383.586438,78.7
383.686426,78.7
383.786427,78.7
383.886421,78.7
383.986402,78.7
384.086442,78.6
384.186423,78.6
384.286443,78.6
384.386426,78.6
384.486428,78.6
384.586427,78.6
384.686404,78.6
384.786429,78.6
384.886423,78.6
384.986426,78.6
385.086434,78.6
385.186436,78.6
385.286433,78.6
385.386443,78.6
385.486433,78.5
385.586431,78.5
385.686425,78.5
385.786423,78.5
385.88642,78.5
385.986426,78.5
386.086427,78.5
386.186425,78.5
386.286428,78.5
386.386443,78.5
386.486432,78.5
386.586432,78.5
386.686442,78.5
386.786439,78.4
386.886448,78.4
386.98645,78.4
387.086436,78.4
387.186434,78.4
387.286435,78.4
387.386461,78.4
387.486433,78.4
387.586472,78.4
387.686423,78.4
387.786421,78.4
387.886422,78.4
387.986433,78.4
388.086448,78.3
388.186434,78.3
388.286442,78.3
388.386454,78.3
388.486431,78.3
388.586438,78.3
388.686435,78.3
388.786433,78.3
388.886434,78.3
388.986443,78.3
389.086432,78.3
389.186452,78.3
389.286438,78.3
389.386432,78.2
389.486434,78.2
389.586416,78.2
389.68643,78.2
389.786432,78.2
389.886434,78.2
389.986436,78.2
390.086431,78.2
390.186435,78.2
390.286431,78.2
390.386434,78.2
390.486436,78.2
390.586437,78.2
390.686457,78.2
390.786432,78.2
390.886476,78.1
390.986922,78.1
391.086436,78.1
391.18692,78.1
391.28692,78.1
391.386951,78.1
391.486924,78.1
391.586946,78.1
391.686949,78.1
391.786437,78.1
391.886434,78.1
391.986433,78.1
392.086434,78.1
392.186433,78.1
392.286453,78.1
392.386439,78
392.486433,78
392.586434,78
392.686943,78
392.786921,78
392.886922,78
392.98692,78
393.086927,78
393.186923,78
393.286921,78
393.386924,78
393.486922,78
393.586948,78
393.686956,78
393.786473,77.9
393.886471,77.9
393.986431,77.9
394.086448,77.9
394.186449,77.9
394.286933,77.9
394.386922,77.9
394.486922,77.9
394.586927,77.9
394.686926,77.9
394.786935,77.9
394.886927,77.9
394.986922,77.8
395.086922,77.8
395.18692,77.8
395.286925,77.8
395.386905,77.8
395.486927,77.8
395.586922,77.8
395.686932,77.8
395.786934,77.8
395.886932,77.8
395.986927,77.8
396.086925,77.8
396.186922,77.8
396.286931,77.8
396.386924,77.7
396.486925,77.7
396.58692,77.7
396.686925,77.7
396.786923,77.7
396.88692,77.7
396.986923,77.7
397.086925,77.7
397.18696,77.7
397.286969,77.7
397.387438,77.7
397.486942,77.7
397.586965,77.7
397.686933,77.7
397.786955,77.7
397.886931,77.6
397.986946,77.6
398.086948,77.6
398.18694,77.6
398.286934,77.6
398.386954,77.6
398.486953,77.6
398.586935,77.6
398.686939,77.6
398.786938,77.6
398.887446,77.6
398.986954,77.6
399.086963,77.6
399.18693,77.6
399.28693,77.6
399.386932,77.5
399.486948,77.5
399.586951,77.5
399.686944,77.5
399.78693,77.5
399.886933,77.5
399.98693,77.5
400.086936,77.5
400.186938,77.5
400.286941,77.5
400.387449,77.5
400.486964,77.5
400.586939,77.5
400.686939,77.5
400.786931,77.4
400.886964,77.4
400.986932,77.4
401.086933,77.4
401.186934,77.4
401.286944,77.4
401.386948,77.4
401.486952,77.4
401.586936,77.4
401.686935,77.4
401.786937,77.4
401.887403,77.4
401.986938,77.4
402.086941,77.4
402.186937,77.4
402.286931,77.3
402.386933,77.3
402.486933,77.3
402.586953,77.3
402.686936,77.3
402.78694,77.3
402.886934,77.3
402.986947,77.3
403.086955,77.3
403.18695,77.3
403.286935,77.3
403.387449,77.3
403.48694,77.3
403.587443,77.3
403.687422,77.2
403.787445,77.2
403.887426,77.2
403.987442,77.2
404.086931,77.2
404.186939,77.2
404.286933,77.2
404.386963,77.2
404.486981,77.2
404.589011,77.2
404.686936,77.2
404.786932,77.2
404.886933,77.2
404.986936,77.2
405.086937,77.2
405.187453,77.1
405.287452,77.1
405.387432,77.1
405.487422,77.1
405.587422,77.1
405.687423,77.1
405.787421,77.1
405.887426,77.1
405.987422,77.1
406.086957,77.1
406.18697,77.1
406.286932,77.1
406.386935,77.1
406.486943,77.1
406.586938,77
406.687448,77
406.786966,77
406.887445,77
406.987425,77
407.087446,77
407.187429,77
407.287424,77
407.387413,77
407.487422,77
407.587443,77
407.687428,77
407.787457,77
407.887443,77
407.987421,77
408.087432,76.9
408.187454,76.9
408.287444,76.9
408.38745,76.9
408.48742,76.9
408.587422,76.9
408.687424,76.9
408.78742,76.9
408.887442,76.9
408.987427,76.9
409.087421,76.9
409.187434,76.9
409.287423,76.9
409.387425,76.9
409.487428,76.9
409.587432,76.8
409.68742,76.8
409.787434,76.8
409.887434,76.8
409.987433,76.8
410.08744,76.8
410.187435,76.8
410.287422,76.8
410.38742,76.8
410.487423,76.8
410.587421,76.8
410.687426,76.8
410.787428,76.8
410.887431,76.8
410.987427,76.8
411.087422,76.7
411.187425,76.7
411.287427,76.7
411.387432,76.7
411.487432,76.7
411.587433,76.7
411.687439,76.7
411.787431,76.7
411.887432,76.7
411.987432,76.7
412.087445,76.7
412.187443,76.7
412.287432,76.7
412.387432,76.7
412.487426,76.7
412.587427,76.6
412.687421,76.6
412.787423,76.6
412.887438,76.6
412.987436,76.6
413.087431,76.6
413.187436,76.6
413.287435,76.6
413.387434,76.6
413.487458,76.6
413.58744,76.6
413.687448,76.6
413.787417,76.6
413.887433,76.6
413.987431,76.6
414.087431,76.6
414.187441,76.5
414.287432,76.5
414.387422,76.5
414.487445,76.5
414.587434,76.5
414.687433,76.5
414.787432,76.5
414.887435,76.5
414.987436,76.5
415.08744,76.5
415.18744,76.5
415.287431,76.5
415.387436,76.5
415.487443,76.5
415.587431,76.4
415.687432,76.4
415.787431,76.4
415.887442,76.4
415.987928,76.4
416.087944,76.4
416.187942,76.4
416.287927,76.4
416.387434,76.4
416.487432,76.4
416.587434,76.4
416.687436,76.4
416.787431,76.4
416.887436,76.4
416.987432,76.4
417.087438,76.4
417.187435,76.4
417.287437,76.3
417.387461,76.3
417.487444,76.3
417.587923,76.3
417.687924,76.3
417.787925,76.3
417.88792,76.3
417.987922,76.3
418.087947,76.3
418.187932,76.3
418.287923,76.3
418.387926,76.3
418.487433,76.3
418.587441,76.3
418.687436,76.3
418.787435,76.3
418.887434,76.3
418.987922,76.3
419.08793,76.2
419.187926,76.2
419.287942,76.2
419.387926,76.2
419.487925,76.2
419.587933,76.2
419.687926,76.2
419.787922,76.2
419.887928,76.2
419.987927,76.2
420.087924,76.2
420.187927,76.2
420.287923,76.2
420.387937,76.2
420.487455,76.2
420.587934,76.2
420.687926,76.2
420.787903,76.1
420.887922,76.1
420.987923,76.1
421.087921,76.1
421.187927,76.1
421.287925,76.1
421.387923,76.1
421.487924,76.1
421.587925,76.1
421.687913,76.1
421.787923,76.1
421.88792,76.1
421.987927,76.1
422.087945,76.1
422.187952,76.1
422.287934,76.1
422.387937,76.1
422.487934,76.1
422.587934,76
422.687933,76
422.787935,76
422.887932,76
422.987936,76
423.087937,76
423.187934,76
423.287948,76
423.387959,76
423.487933,76
423.587944,76
423.687944,76
423.787943,76
423.887961,76
423.987938,76
424.087944,76
424.187956,76
424.287933,76
424.387938,76
424.487948,76
424.587934,76
424.687934,76
424.787964,75.9
424.887936,75.9
424.98794,75.9
425.0884,75.9
425.188402,75.9
425.288402,75.9
425.387942,75.9
425.487936,75.9
425.587934,75.9
425.687951,75.9
425.787949,75.9
425.887931,75.9
425.98793,75.9
426.08794,75.9
426.187932,75.9
426.28794,75.9
426.387938,75.9
426.487938,75.9
426.587933,75.8
426.688402,75.8
426.787944,75.8
426.887989,75.8
426.987947,75.8
427.087934,75.8
427.187938,75.8
427.287934,75.8
427.387931,75.8
427.487932,75.8
427.587931,75.8
427.687954,75.8
427.787934,75.8
427.887932,75.8
427.987953,75.8
428.087933,75.8
428.187937,75.8
428.287946,75.8
428.388424,75.8
428.488401,75.8
428.588427,75.8
428.687936,75.8
428.787967,75.8
428.88797,75.8
428.987954,75.7
429.087955,75.7
429.187932,75.7
429.28793,75.7
429.387936,75.7
429.487943,75.7
429.587955,75.7
429.687934,75.7
429.788402,75.7
429.887956,75.7
429.988404,75.7
430.088402,75.7
430.188421,75.7
430.288431,75.7
430.388424,75.7
430.488401,75.7
430.5884,75.7
430.687947,75.7
430.787948,75.7
430.88794,75.6
430.987959,75.6
431.087932,75.6
431.187932,75.6
431.287932,75.6
431.387952,75.6
431.488421,75.6
431.588402,75.6
431.688423,75.6
431.788402,75.6
431.888403,75.6
431.988407,75.6
432.088403,75.6
432.188424,75.6
432.2884,75.6
432.388402,75.6
432.488401,75.6
432.588423,75.6
432.688414,75.6
432.788434,75.6
432.887971,75.6
432.988401,75.6
433.088406,75.5
433.188403,75.5
433.28842,75.5
433.388402,75.5
433.488427,75.5
433.588409,75.5
433.68842,75.5
433.788401,75.5
433.888403,75.5
433.988401,75.5
434.088402,75.5
434.188402,75.5
434.288436,75.5
434.38842,75.5
434.488402,75.5
434.588416,75.5
434.688412,75.5
434.788453,75.5
434.888433,75.5
434.98842,75.5
435.088401,75.5
435.188401,75.5
435.288422,75.4
435.388402,75.4
435.48842,75.4
435.588403,75.4
435.688403,75.4
435.788428,75.4
435.888403,75.4
435.988412,75.4
436.088404,75.4
436.188413,75.4
436.288413,75.4
436.388416,75.4
436.488412,75.4
436.588432,75.4
436.688411,75.4
436.788443,75.4
436.888412,75.4
436.988403,75.4
437.088404,75.4
437.188423,75.3
437.288402,75.3
437.388404,75.3
437.488409,75.3
437.588411,75.3
437.688412,75.3
437.788412,75.3
437.888414,75.3
437.988423,75.3
438.088432,75.3
438.188417,75.3
438.288436,75.3
438.388434,75.3
438.488412,75.3
438.588411,75.3
438.688412,75.3
438.788901,75.3
438.888944,75.3
438.988413,75.3
439.088419,75.3
439.188403,75.3
439.288413,75.3
439.388438,75.3
439.488414,75.2
439.588412,75.2
439.688435,75.2
439.788413,75.2
439.888412,75.2
439.988417,75.2
440.088432,75.2
440.188412,75.2
440.288412,75.2
440.38842,75.2
440.488925,75.2
440.588943,75.2
440.688944,75.2
440.788951,75.2
440.888943,75.2
440.98844,75.2
441.088415,75.2
441.188413,75.2
441.288412,75.2
441.388414,75.2
441.488436,75.2
441.588412,75.2
441.688445,75.1
441.788422,75.1
441.888414,75.1
441.988428,75.1
442.088932,75.1
442.188932,75.1
442.288939,75.1
442.388928,75.1
442.488924,75.1
442.588926,75.1
442.688943,75.1
442.788945,75.1
442.88894,75.1
442.988948,75.1
443.088425,75.1
443.188415,75.1
443.288416,75.1
443.388435,75.1
443.488412,75.1
443.588423,75.1
443.688922,75.1
443.788922,75
443.888925,75
443.988924,75
444.088929,75
444.188922,75
444.28892,75
444.388922,75
444.488938,75
444.58892,75
444.688925,75
444.788927,75
444.888944,75
444.988934,75
445.088969,75
445.188946,75
445.28894,75
445.388929,75
445.488916,75
445.588925,75
445.688924,75
445.788928,75
445.888928,74.9
445.988919,74.9
446.088926,74.9
446.188928,74.9
446.288937,74.9
446.388942,74.9
446.488927,74.9
446.588925,74.9
446.688935,74.9
446.788934,74.9
446.888935,74.9
446.988938,74.9
447.088938,74.9
447.188939,74.9
447.288927,74.9
447.388921,74.9
447.488924,74.9
447.588927,74.9
447.688923,74.9
447.788924,74.9
447.888954,74.9
447.98894,74.8
448.088958,74.8
448.188923,74.8
448.28895,74.8
448.388954,74.8
448.488956,74.8
448.589446,74.8
448.688946,74.8
448.78894,74.8
448.88895,74.8
448.988935,74.8
449.088941,74.8
449.188947,74.8
449.288932,74.8
449.388932,74.8
449.488934,74.8
449.588946,74.8
449.688942,74.8
449.788954,74.8
449.888958,74.8
449.989452,74.8
450.089446,74.8
450.188954,74.8
450.288947,74.7
450.388935,74.7
450.488932,74.7
450.588956,74.7
450.688931,74.7
450.788937,74.7
450.888938,74.7
450.988915,74.7
451.088955,74.7
451.188955,74.7
451.288944,74.7
451.38897,74.7
451.488965,74.7
451.588951,74.7
451.689449,74.7
451.788938,74.7
451.888956,74.7
451.988915,74.7
452.088936,74.7
452.188933,74.7
452.288959,74.7
452.388976,74.6
452.488936,74.6
452.588933,74.6
452.688942,74.6
452.78894,74.6
452.888944,74.6
452.98895,74.6
453.089464,74.6
453.189433,74.6
453.289432,74.6
453.388972,74.6
453.488946,74.6
453.588938,74.6
453.688935,74.6
453.788932,74.6
453.888939,74.6
453.988936,74.6
454.088961,74.6
454.188936,74.6
454.288956,74.6
454.388969,74.6
454.488943,74.6
454.588956,74.5
454.689448,74.5
454.789455,74.5
454.889422,74.5
454.989459,74.5
455.089423,74.5
455.189426,74.5
455.289442,74.5
455.389429,74.5
455.488938,74.5
455.588933,74.5
455.688932,74.5
455.788973,74.5
455.88894,74.5
455.988947,74.5
456.08895,74.5
456.189455,74.5
456.288972,74.5
456.389451,74.5
456.489428,74.5
456.589426,74.5
456.689439,74.4
456.789431,74.4
456.889429,74.4
456.989436,74.4
457.089426,74.4
457.189423,74.4
457.289428,74.4
457.389442,74.4
457.48896,74.4
457.588981,74.4
457.688975,74.4
457.788997,74.4
457.889447,74.4
457.989452,74.4
458.089435,74.4
458.189447,74.4
458.289429,74.4
458.389429,74.4
458.489428,74.4
458.589424,74.4
458.689425,74.4
458.789433,74.4
458.889428,74.3
458.989573,74.3
459.089434,74.3
459.189447,74.3
459.289476,74.3
459.389428,74.3
459.489437,74.3
459.589434,74.3
459.689427,74.3
459.789427,74.3
459.889425,74.3
459.989425,74.3
460.08943,74.3
460.189427,74.3
460.289425,74.3
460.389452,74.3
460.489422,74.3
460.589442,74.3
460.689448,74.3
460.789425,74.3
460.889448,74.3
460.989434,74.3
461.089436,74.3
461.189433,74.2
461.289457,74.2
461.389442,74.2
461.489448,74.2
461.589437,74.2
461.689427,74.2
461.78943,74.2
461.889428,74.2
461.989406,74.2
462.089417,74.2
462.189445,74.2
462.289429,74.2
462.389432,74.2
462.489435,74.2
462.589441,74.2
462.689452,74.2
462.789448,74.2
462.889455,74.2
462.989436,74.2
463.089457,74.2
463.189442,74.2
463.289456,74.1
463.389446,74.1
463.489436,74.1
463.589456,74.1
463.68946,74.1
463.789433,74.1
463.889457,74.1
463.989434,74.1
464.089486,74.1
464.189433,74.1
464.289453,74.1
464.389429,74.1
464.489462,74.1
464.589439,74.1
464.689434,74.1
464.789446,74.1
464.889454,74.1
464.989725,74.1
465.089419,74.1
465.189433,74.1
465.289448,74.1
465.389452,74.1
465.489933,74.1
465.589946,74
465.689445,74
465.789456,74
465.889454,74
465.989453,74
466.089473,74
466.189443,74
466.289454,74
466.389444,74
466.489416,74
466.589448,74
466.689436,74
466.78992,74
466.889447,74
466.989445,74
467.089464,74
467.18994,74
467.289927,74
467.389945,74
467.489924,74
467.589938,74
467.689442,74
467.789449,74
467.889417,73.9
467.989461,73.9
468.089457,73.9
468.189437,73.9
468.289441,73.9
468.389449,73.9
468.489459,73.9
468.589922,73.9
468.689926,73.9
468.789928,73.9
468.889937,73.9
468.989921,73.9
469.089925,73.9
469.189927,73.9
469.289927,73.9
469.389927,73.9
469.489941,73.9
469.589945,73.9
469.689924,73.9
469.789936,73.9
469.889482,73.9
469.989459,73.9
470.089434,73.8
470.189926,73.8
470.289923,73.8
470.38992,73.8
470.489919,73.8
470.589921,73.8
470.689928,73.8
470.789926,73.8
470.889936,73.8
470.989923,73.8
471.089928,73.8
471.189923,73.8
471.289938,73.8
471.389924,73.8
471.489931,73.8
471.589953,73.8
471.689932,73.8
471.789929,73.8
471.889946,73.8
471.989905,73.8
472.089908,73.8
472.189925,73.8
472.289924,73.8
472.38992,73.8
472.489928,73.7
472.589926,73.7
472.689926,73.7
472.789963,73.7
472.889946,73.7
472.989925,73.7
473.089958,73.7
473.189953,73.7
473.290405,73.7
473.390028,73.7
473.489937,73.7
473.589939,73.7
473.689932,73.7
473.789932,73.7
473.889934,73.7
473.989933,73.7
474.089929,73.7
474.18995,73.7
474.289932,73.7
474.389946,73.7
474.489971,73.7
474.590457,73.7
474.689956,73.7
474.790433,73.6
474.889984,73.6
474.990443,73.6
475.089959,73.6
475.189931,73.6
475.289932,73.6
475.389934,73.6
475.489935,73.6
475.589933,73.6
475.68995,73.6
475.78993,73.6
475.889969,73.6
475.989945,73.6
476.08994,73.6
476.189934,73.6
476.289945,73.6
476.390421,73.6
476.490403,73.6
476.589936,73.6
476.689941,73.6
476.789939,73.6
476.889932,73.6
476.989922,73.6
477.089943,73.6
477.189936,73.5
477.289948,73.5
477.389956,73.5
477.489942,73.5
477.58994,73.5
477.689951,73.5
477.789938,73.5
477.890423,73.5
477.990445,73.5
478.09045,73.5
478.189925,73.5
478.289935,73.5
478.389931,73.5
478.489931,73.5
478.589949,73.5
478.689937,73.5
478.789936,73.5
478.889931,73.5
478.989938,73.5
479.089934,73.5
479.189942,73.5
479.289935,73.5
479.389932,73.4
479.490426,73.4
479.589969,73.4
479.690428,73.4
479.790447,73.4
479.890424,73.4
479.990424,73.4
480.089943,73.4
480.189913,73.4
480.289928,73.4
480.389916,73.4
480.489931,73.4
480.589946,73.4
480.689939,73.4
480.789957,73.4
480.890418,73.4
480.989969,73.4
481.089986,73.4
481.19042,73.4
481.290443,73.4
481.390425,73.4
481.490428,73.4
481.590428,73.4
481.690421,73.3
481.790428,73.3
481.890411,73.3
481.990427,73.3
482.090428,73.3
482.189968,73.3
482.289938,73.3
482.389937,73.3
482.489952,73.3
482.590454,73.3
482.689961,73.3
482.790453,73.3
482.890441,73.3
482.990432,73.3
483.090408,73.3
483.190404,73.3
483.290427,73.3
483.390423,73.3
483.490419,73.3
483.590426,73.3
483.690428,73.3
483.790428,73.3
483.89044,73.3
483.990421,73.3
484.090438,73.3
484.190424,73.2
484.290448,73.2
484.390456,73.2
484.490423,73.2
484.590428,73.2
484.690403,73.2
484.790441,73.2
484.890422,73.2
484.990422,73.2
485.090427,73.2
485.190426,73.2
485.290425,73.2
485.390428,73.2
485.490421,73.2
485.590428,73.2
485.69043,73.2
485.790437,73.2
485.890471,73.2
485.990433,73.2
486.090435,73.2
486.190436,73.2
486.290453,73.2
486.390435,73.2
486.490421,73.2
486.590424,73.2
486.69042,73.2
486.790425,73.1
486.890425,73.1
486.99044,73.1
487.090428,73.1
487.190444,73.1
487.290445,73.1
487.390435,73.1
487.490434,73.1
487.590433,73.1
487.690452,73.1
487.790445,73.1
487.890448,73.1
487.990442,73.1
488.090452,73.1
488.190438,73.1
488.290452,73.1
488.390451,73.1
488.49042,73.1
488.590439,73.1
488.690429,73.1
488.79043,73.1
488.890433,73.1
488.990447,73.1
489.090432,73.1
489.19045,73
489.290439,73
489.390456,73
489.490438,73
489.590438,73
489.690431,73
489.790433,73
489.890446,73
489.990434,73
490.09044,73
490.190439,73
490.290949,73
490.390947,73
490.490436,73
490.590433,73
490.690452,73
490.790444,73
490.890463,73
490.990434,73
491.090445,73
491.190431,73
491.290434,73
491.390436,73
491.490437,73
491.590439,73
491.69044,73
491.790926,72.9
491.890928,72.9
491.990922,72.9
492.090956,72.9
492.190942,72.9
492.29095,72.9
492.390929,72.9
492.490433,72.9
492.590451,72.9
492.69043,72.9
492.79043,72.9
492.890444,72.9
492.990434,72.9
493.090435,72.9
493.190432,72.9
493.290438,72.9
493.390922,72.9
493.49092,72.9
493.590949,72.9
493.69092,72.9
493.790922,72.9
493.890952,72.9
493.990934,72.9
494.090928,72.9
494.190931,72.9
494.290926,72.8
494.390928,72.8
494.490456,72.8
494.59043,72.8
494.690437,72.8
494.79044,72.8
494.890443,72.8
494.990933,72.8
495.090934,72.8
495.190923,72.8
495.290923,72.8
495.390902,72.8
495.490922,72.8
495.591497,72.8
495.690938,72.8
495.790928,72.8
495.890925,72.8
495.990933,72.8
496.090924,72.8
496.190902,72.8
496.290947,72.8
496.39095,72.8
496.490931,72.8
496.590943,72.7
496.690926,72.7
496.790927,72.7
496.890934,72.7
496.990926,72.7
497.090903,72.7
497.190926,72.7
497.29092,72.7
497.390923,72.7
497.490945,72.7
497.590927,72.7
497.690927,72.7
497.790945,72.7
497.890939,72.7
497.990943,72.7
498.09096,72.7
498.190933,72.7
498.290935,72.7
498.390945,72.7
498.490935,72.7
498.590937,72.7
498.69094,72.7
498.790931,72.7
498.890939,72.7
498.990957,72.7
499.090933,72.6
499.190947,72.6
499.290952,72.6
499.390931,72.6
499.490942,72.6
499.590986,72.6
499.691444,72.6
499.791444,72.6
499.890957,72.6
499.990937,72.6
500.090933,72.6
500.190944,72.6
500.29094,72.6
500.390914,72.6
500.490958,72.6
500.59093,72.6
500.690934,72.6
500.79098,72.6
500.890935,72.6
500.991446,72.6
501.090946,72.6
501.191444,72.6
501.291425,72.6
501.391444,72.6
501.490953,72.6
501.59093,72.6
501.690946,72.6
501.79093,72.6
501.890938,72.5
501.990915,72.5
502.090916,72.5
502.190935,72.5
502.290964,72.5
502.390941,72.5
502.490932,72.5
502.590947,72.5
502.691455,72.5
502.790965,72.5
502.891455,72.5
502.990936,72.5
503.090938,72.5
503.190979,72.5
503.290922,72.5
503.390932,72.5
503.490967,72.5
503.590931,72.5
503.69094,72.5
503.790969,72.5
503.890977,72.5
503.990942,72.5
504.090963,72.5
504.190954,72.5
504.291448,72.5
504.39145,72.5
504.491424,72.5
504.591445,72.4
504.69142,72.4
504.790936,72.4
504.890932,72.4
504.990965,72.4
505.09095,72.4
505.190946,72.4
505.290936,72.4
505.390915,72.4
505.490937,72.4
505.590988,72.4
505.69145,72.4
505.791443,72.4
505.89097,72.4
505.991453,72.4
506.091438,72.4
506.191422,72.4
506.291422,72.4
506.391427,72.4
506.49142,72.4
506.591427,72.4
506.69142,72.4
506.791427,72.4
506.891463,72.4
506.990918,72.4
507.091457,72.3
507.190926,72.3
507.291449,72.3
507.391444,72.3
507.491423,72.3
507.591446,72.3
507.691453,72.3
507.791422,72.3
507.891424,72.3
507.991421,72.3
508.091426,72.3
508.191409,72.3
508.291429,72.3
508.391427,72.3
508.491433,72.3
508.591424,72.3
508.691421,72.3
508.791431,72.3
508.891437,72.3
508.99146,72.3
509.091442,72.3
509.191444,72.3
509.291448,72.3
509.39142,72.3
509.491422,72.3
509.591422,72.3
509.691421,72.2
509.791425,72.2
509.891422,72.2
509.991427,72.2
510.091443,72.2
510.191421,72.2
510.291422,72.2
510.391428,72.2
510.491446,72.2
510.591446,72.2
510.691441,72.2
510.791431,72.2
510.89143,72.2
510.99145,72.2
511.091438,72.2
511.191435,72.2
511.291421,72.2
511.391427,72.2
511.491421,72.2
511.591459,72.2
511.691421,72.2
511.791456,72.2
511.891432,72.2
511.991437,72.2
512.091438,72.2
512.191436,72.2
512.291433,72.2
512.39143,72.2
512.491442,72.2
512.591431,72.1
512.691434,72.1
512.791431,72.1
512.891448,72.1
512.991443,72.1
513.091436,72.1
513.191428,72.1
513.291423,72.1
513.391422,72.1
513.491467,72.1
513.591464,72.1
513.691439,72.1
513.791413,72.1
513.891452,72.1
513.991438,72.1
514.091434,72.1
514.191432,72.1
514.29143,72.1
514.391434,72.1
514.491433,72.1
514.591433,72.1
514.691437,72.1
514.791962,72.1
514.891461,72.1
514.991462,72.1
515.091438,72
515.191427,72
515.291414,72
515.391434,72
515.491436,72
515.591432,72
515.691443,72
515.791414,72
515.891438,72
515.99143,72
516.091436,72
516.191436,72
516.29146,72
516.391932,72
516.491922,72
516.59145,72
516.691927,72
516.791946,72
516.891954,72
516.991928,72
517.091441,72
517.191435,72
517.291447,72
517.391437,72
517.491437,72
517.591438,72
517.691448,72
517.791447,72
517.891451,72
517.991451,72
518.091927,72
518.191937,71.9
518.291941,71.9
518.391929,71.9
518.491925,71.9
518.591947,71.9
518.69192,71.9
518.791921,71.9
518.891945,71.9
518.991956,71.9
519.091958,71.9
519.191469,71.9
519.291461,71.9
519.391434,71.9
519.491441,71.9
519.591925,71.9
519.691925,71.9
519.791921,71.9
519.891902,71.9
519.991921,71.9
520.091925,71.9
520.19192,71.9
520.291928,71.9
520.391927,71.9
520.491927,71.9
520.591904,71.9
520.691924,71.9
520.791925,71.8
520.891923,71.8
520.991926,71.8
521.091943,71.8
521.19146,71.8
521.291912,71.8
521.391923,71.8
521.49192,71.8
521.591927,71.8
521.691926,71.8
521.791926,71.8
521.891924,71.8
521.991925,71.8
522.091927,71.8
522.191922,71.8
522.291924,71.8
522.391924,71.8
522.491921,71.8
522.591933,71.8
522.691952,71.8
522.791931,71.8
522.891957,71.8
522.991936,71.8
523.091953,71.8
523.191953,71.8
523.291934,71.8
523.391921,71.8
523.491926,71.8
523.591926,71.8
523.691927,71.8
523.791936,71.8
523.891937,71.8
523.99195,71.8
524.09195,71.7
524.191954,71.7
524.292454,71.7
524.392448,71.7
524.492423,71.7
524.592446,71.7
524.69194,71.7
524.791946,71.7
524.891938,71.7
524.99193,71.7
525.091931,71.7
525.191935,71.7
525.29193,71.7
525.391931,71.7
525.49194,71.7
525.592422,71.7
525.691938,71.7
525.791952,71.7
525.892423,71.7
525.992448,71.7
526.092445,71.7
526.191959,71.7
526.291942,71.7
526.391934,71.7
526.491935,71.7
526.591935,71.7
526.691938,71.6
526.791938,71.6
526.891935,71.6
526.991939,71.6
527.091969,71.6
527.191944,71.6
527.291944,71.6
527.392449,71.6
527.491954,71.6
527.592437,71.6
527.692449,71.6
527.791936,71.6
527.891938,71.6
527.991938,71.6
528.091964,71.6
528.191934,71.6
528.291951,71.6
528.391941,71.6
528.491944,71.6
528.591943,71.6
528.691938,71.6
528.791937,71.6
528.892444,71.6
528.992452,71.6
529.092447,71.6
529.192441,71.6
529.292439,71.6
529.392421,71.6
529.491932,71.6
529.591933,71.5
529.691932,71.5
529.791967,71.5
529.891933,71.5
529.991931,71.5
530.091935,71.5
530.19195,71.5
530.291957,71.5
530.391946,71.5
530.491965,71.5
530.591963,71.5
530.692446,71.5
530.792451,71.5
530.892446,71.5
530.99245,71.5
531.092421,71.5
531.192423,71.5
531.292421,71.5
531.392422,71.5
531.491962,71.5
531.591953,71.5
531.691951,71.5
531.791943,71.5
531.891935,71.5
531.99245,71.5
532.091975,71.5
532.192451,71.5
